Reverse index;Barcode;ID;;;Index
ATCACG;TACGC;1A;;;CGTGAT
ATCACG;CGACG;2A;;;CGTGAT
ATCACG;CTACT;3A;;;CGTGAT
ATCACG;TGACT;4A;;;CGTGAT
ATCACG;ACTGC;5A;;;CGTGAT
ATCACG;GTCAC;6A;;;CGTGAT
ATCACG;GACAG;7A;;;CGTGAT
ATCACG;ATGCT;8A;;;CGTGAT
CGATGT;TACGC;9A;;;ACATCG
CGATGT;CGACG;10A;;;ACATCG
CGATGT;CTACT;11A;;;ACATCG
CGATGT;TGACT;12A;;;ACATCG
CGATGT;ACTGC;13A;;;ACATCG
CGATGT;GTCAC;14A;;;ACATCG
CGATGT;GACAG;15A;;;ACATCG
CGATGT;ATGCT;16A;;;ACATCG
TTAGGC;TACGC;17A;;;GCCTAA
TTAGGC;CGACG;18A;;;GCCTAA
TTAGGC;CTACT;19A;;;GCCTAA
TTAGGC;TGACT;20A;;;GCCTAA
TTAGGC;ACTGC;21A;;;GCCTAA
TTAGGC;GTCAC;22A;;;GCCTAA
TTAGGC;GACAG;23A;;;GCCTAA
TTAGGC;ATGCT;24A;;;GCCTAA
TGACCA;TACGC;25A;;;TGGTCA
TGACCA;CGACG;26A;;;TGGTCA
TGACCA;CTACT;27A;;;TGGTCA
TGACCA;TGACT;28A;;;TGGTCA
GGCTAC;CTACT;0.1;;;GTAGCC
TGACCA;ACTGC;1B;;;TGGTCA
TGACCA;GTCAC;2B;;;TGGTCA
TGACCA;GACAG;3B;;;TGGTCA
TGACCA;ATGCT;4B;;;TGGTCA
ACAGTG;TACGC;5B;;;CACTGT
ACAGTG;CGACG;6B;;;CACTGT
ACAGTG;CTACT;7B;;;CACTGT
ACAGTG;TGACT;8B;;;CACTGT
ACAGTG;ACTGC;9B;;;CACTGT
ACAGTG;GTCAC;10B;;;CACTGT
ACAGTG;GACAG;11B;;;CACTGT
ACAGTG;ATGCT;12B;;;CACTGT
CAGATC;TACGC;13B;;;GATCTG
CAGATC;CGACG;14B;;;GATCTG
CAGATC;CTACT;15B;;;GATCTG
CAGATC;TGACT;16B;;;GATCTG
CAGATC;ACTGC;17B;;;GATCTG
CAGATC;GTCAC;18B;;;GATCTG
GGCTAC;TGACT;0.2;;;GTAGCC
CAGATC;GACAG;1C;;;GATCTG
CAGATC;ATGCT;2C;;;GATCTG
GCCAAT;TACGC;3C;;;ATTGGC
GCCAAT;CGACG;4C;;;ATTGGC
GCCAAT;CTACT;5C;;;ATTGGC
GCCAAT;TGACT;6C;;;ATTGGC
GCCAAT;ACTGC;7C;;;ATTGGC
GCCAAT;GTCAC;8C;;;ATTGGC
GCCAAT;GACAG;9C;;;ATTGGC
GCCAAT;ATGCT;10C;;;ATTGGC
ACTTGA;TACGC;11C;;;TCAAGT
ACTTGA;CGACG;12C;;;TCAAGT
ACTTGA;CTACT;13C;;;TCAAGT
ACTTGA;TGACT;14C;;;TCAAGT
ACTTGA;ACTGC;15C;;;TCAAGT
ACTTGA;GTCAC;16C;;;TCAAGT
ACTTGA;GACAG;17C;;;TCAAGT
ACTTGA;ATGCT;18C;;;TCAAGT
GGCTAC;ACTGC;0.3;;;GTAGCC
GATCAG;TACGC;1D;;;CTGATC
GATCAG;CGACG;2D;;;CTGATC
GATCAG;CTACT;3D;;;CTGATC
GATCAG;TGACT;4D;;;CTGATC
GATCAG;ACTGC;5D;;;CTGATC
GATCAG;GTCAC;6D;;;CTGATC
GATCAG;GACAG;7D;;;CTGATC
GATCAG;ATGCT;8D;;;CTGATC
TAGCTT;TACGC;9D;;;AAGCTA
TAGCTT;CGACG;10D;;;AAGCTA
TAGCTT;CTACT;11D;;;AAGCTA
TAGCTT;TGACT;12D;;;AAGCTA
TAGCTT;ACTGC;13D;;;AAGCTA
TAGCTT;GTCAC;14D;;;AAGCTA
TAGCTT;GACAG;15D;;;AAGCTA
TAGCTT;ATGCT;16D;;;AAGCTA
GGCTAC;TACGC;17D;;;GTAGCC
GGCTAC;CGACG;18D;;;GTAGCC
GGCTAC;GTCAC;0.4;;;GTAGCC